{
  "Ansi 7 Color" : {
    "Red Component" : 0.55375784640000003,
    "Color Space" : "sRGB",
    "Blue Component" : 0.55722695590000004,
    "Alpha Component" : 1,
    "Green Component" : 0.55721580979999996
  },
  "Tags" : [

  ],
  "Ansi 12 Color" : {
    "Red Component" : 0.55724579100000005,
    "Color Space" : "sRGB",
    "Blue Component" : 0.61397397519999997,
    "Alpha Component" : 1,
    "Green Component" : 0.62523907420000002
  },
  "Ansi 8 Color" : {
    "Red Component" : 0.54188650849999997,
    "Color Space" : "sRGB",
    "Blue Component" : 0.54188650849999997,
    "Alpha Component" : 1,
    "Green Component" : 0.54188650849999997
  },
  "Ansi 9 Color" : {
    "Red Component" : 0.8119164109,
    "Color Space" : "sRGB",
    "Blue Component" : 0.50505369899999997,
    "Alpha Component" : 1,
    "Green Component" : 0.47035229210000001
  },
  "Bold Color" : {
    "Red Component" : 0.43237268919999999,
    "Color Space" : "sRGB",
    "Blue Component" : 0.43601775170000001,
    "Alpha Component" : 1,
    "Green Component" : 0.43600603939999999
  },
  "Ansi 5 Color" : {
    "Red Component" : 0.51682466270000005,
    "Color Space" : "sRGB",
    "Blue Component" : 0.54741328950000001,
    "Alpha Component" : 1,
    "Green Component" : 0.4841198921
  },
  "Use Non-ASCII Font" : false,
  "Rows" : 55,
  "Default Bookmark" : "No",
  "Non-ASCII Anti Aliased" : true,
  "Use Bright Bold" : true,
  "Ansi 10 Color" : {
    "Red Component" : 0.54828721280000003,
    "Color Space" : "sRGB",
    "Blue Component" : 0.48256856199999998,
    "Alpha Component" : 1,
    "Green Component" : 0.63170582060000002
  },
  "Ambiguous Double Width" : false,
  "Jobs to Ignore" : [
    "rlogin",
    "ssh",
    "slogin",
    "telnet"
  ],
  "Ansi 15 Color" : {
    "Red Component" : 0.44878333809999998,
    "Color Space" : "sRGB",
    "Blue Component" : 0.45601075889999998,
    "Alpha Component" : 1,
    "Green Component" : 0.45598757270000001
  },
  "Foreground Color" : {
    "Red Component" : 0.26403817530000001,
    "Color Space" : "sRGB",
    "Blue Component" : 0.26403817530000001,
    "Alpha Component" : 1,
    "Green Component" : 0.26403817530000001
  },
  "Bound Hosts" : [

  ],
  "Working Directory" : "\/Users\/blaine",
  "Blinking Cursor" : false,
  "Disable Window Resizing" : true,
  "Sync Title" : false,
  "Prompt Before Closing 2" : 2,
  "BM Growl" : true,
  "Command" : "",
  "Description" : "Default",
  "Mouse Reporting" : true,
  "Screen" : -1,
  "Selection Color" : {
    "Red Component" : 0.88174124815731403,
    "Color Space" : "sRGB",
    "Blue Component" : 0.88174124815731403,
    "Alpha Component" : 1,
    "Green Component" : 0.88174124815731403
  },
  "Initial Use Transparency" : false,
  "Columns" : 118,
  "Idle Code" : 0,
  "Ansi 13 Color" : {
    "Red Component" : 0.58552199599999999,
    "Color Space" : "sRGB",
    "Blue Component" : 0.61950576310000005,
    "Alpha Component" : 1,
    "Green Component" : 0.55009353159999996
  },
  "Custom Command" : "No",
  "ASCII Anti Aliased" : true,
  "Non Ascii Font" : "Monaco 12",
  "Vertical Spacing" : 1.01,
  "Use Bold Font" : true,
  "Option Key Sends" : 0,
  "Selected Text Color" : {
    "Red Component" : 0,
    "Color Space" : "sRGB",
    "Blue Component" : 0,
    "Alpha Component" : 1,
    "Green Component" : 0
  },
  "Background Color" : {
    "Red Component" : 1,
    "Color Space" : "sRGB",
    "Blue Component" : 1,
    "Alpha Component" : 1,
    "Green Component" : 0.99999994039999995
  },
  "Character Encoding" : 4,
  "Ansi 11 Color" : {
    "Red Component" : 0.68351447580000002,
    "Color Space" : "sRGB",
    "Blue Component" : 0.67685234549999995,
    "Alpha Component" : 1,
    "Green Component" : 0.67687404159999998
  },
  "Thin Strokes" : 3,
  "Use Italic Font" : true,
  "Unlimited Scrollback" : false,
  "Keyboard Map" : {
    "0xf700-0x260000" : {
      "Text" : "[1;6A",
      "Action" : 10
    },
    "0x37-0x40000" : {
      "Text" : "0x1f",
      "Action" : 11
    },
    "0x32-0x40000" : {
      "Text" : "0x00",
      "Action" : 11
    },
    "0xf709-0x20000" : {
      "Text" : "[17;2~",
      "Action" : 10
    },
    "0xf70c-0x20000" : {
      "Text" : "[20;2~",
      "Action" : 10
    },
    "0xf729-0x20000" : {
      "Text" : "[1;2H",
      "Action" : 10
    },
    "0xf72b-0x40000" : {
      "Text" : "[1;5F",
      "Action" : 10
    },
    "0xf705-0x20000" : {
      "Text" : "[1;2Q",
      "Action" : 10
    },
    "0xf703-0x260000" : {
      "Text" : "[1;6C",
      "Action" : 10
    },
    "0xf700-0x220000" : {
      "Text" : "[1;2A",
      "Action" : 10
    },
    "0xf701-0x280000" : {
      "Text" : "0x1b 0x1b 0x5b 0x42",
      "Action" : 11
    },
    "0x38-0x40000" : {
      "Text" : "0x7f",
      "Action" : 11
    },
    "0x33-0x40000" : {
      "Text" : "0x1b",
      "Action" : 11
    },
    "0xf703-0x220000" : {
      "Text" : "[1;2C",
      "Action" : 10
    },
    "0xf701-0x240000" : {
      "Text" : "[1;5B",
      "Action" : 10
    },
    "0xf70d-0x20000" : {
      "Text" : "[21;2~",
      "Action" : 10
    },
    "0xf702-0x260000" : {
      "Text" : "[1;6D",
      "Action" : 10
    },
    "0xf729-0x40000" : {
      "Text" : "[1;5H",
      "Action" : 10
    },
    "0xf706-0x20000" : {
      "Text" : "[1;2R",
      "Action" : 10
    },
    "0x34-0x40000" : {
      "Text" : "0x1c",
      "Action" : 11
    },
    "0xf700-0x280000" : {
      "Text" : "0x1b 0x1b 0x5b 0x41",
      "Action" : 11
    },
    "0x2d-0x40000" : {
      "Text" : "0x1f",
      "Action" : 11
    },
    "0xf70e-0x20000" : {
      "Text" : "[23;2~",
      "Action" : 10
    },
    "0xf702-0x220000" : {
      "Text" : "[1;2D",
      "Action" : 10
    },
    "0xf703-0x280000" : {
      "Text" : "0x1b 0x1b 0x5b 0x43",
      "Action" : 11
    },
    "0xf700-0x240000" : {
      "Text" : "[1;5A",
      "Action" : 10
    },
    "0xf707-0x20000" : {
      "Text" : "[1;2S",
      "Action" : 10
    },
    "0xf70a-0x20000" : {
      "Text" : "[18;2~",
      "Action" : 10
    },
    "0x35-0x40000" : {
      "Text" : "0x1d",
      "Action" : 11
    },
    "0xf70f-0x20000" : {
      "Text" : "[24;2~",
      "Action" : 10
    },
    "0xf703-0x240000" : {
      "Text" : "[1;5C",
      "Action" : 10
    },
    "0xf701-0x260000" : {
      "Text" : "[1;6B",
      "Action" : 10
    },
    "0xf702-0x280000" : {
      "Text" : "0x1b 0x1b 0x5b 0x44",
      "Action" : 11
    },
    "0xf72b-0x20000" : {
      "Text" : "[1;2F",
      "Action" : 10
    },
    "0x36-0x40000" : {
      "Text" : "0x1e",
      "Action" : 11
    },
    "0xf708-0x20000" : {
      "Text" : "[15;2~",
      "Action" : 10
    },
    "0xf701-0x220000" : {
      "Text" : "[1;2B",
      "Action" : 10
    },
    "0xf70b-0x20000" : {
      "Text" : "[19;2~",
      "Action" : 10
    },
    "0xf702-0x240000" : {
      "Text" : "[1;5D",
      "Action" : 10
    },
    "0xf704-0x20000" : {
      "Text" : "[1;2P",
      "Action" : 10
    }
  },
  "Window Type" : 0,
  "Background Image Location" : "",
  "Blur" : false,
  "Scrollback Lines" : 10000,
  "Send Code When Idle" : false,
  "Close Sessions On End" : true,
  "Terminal Type" : "xterm-256color",
  "Visual Bell" : false,
  "Flashing Bell" : false,
  "Silence Bell" : true,
  "Ansi 14 Color" : {
    "Red Component" : 0.49480265379999999,
    "Color Space" : "sRGB",
    "Blue Component" : 0.64858329299999995,
    "Alpha Component" : 1,
    "Green Component" : 0.63681870699999998
  },
  "Name" : "renderlight",
  "Cursor Text Color" : {
    "Green Component" : 1,
    "Red Component" : 1,
    "Blue Component" : 1
  },
  "Shortcut" : "",
  "Cursor Color" : {
    "Green Component" : 0.73333334922790527,
    "Red Component" : 0.73333334922790527,
    "Blue Component" : 0.73333334922790527
  },
  "Ansi 0 Color" : {
    "Red Component" : 0.45993506909999998,
    "Color Space" : "sRGB",
    "Blue Component" : 0.45993512869999997,
    "Alpha Component" : 1,
    "Green Component" : 0.45993506909999998
  },